id,domain,katanga,kivu,notes
1,greetings,Jambo yenyu,Jambo,Starter (editable)
2,greetings,Habari kani?,Habari gani?,Starter (editable)
3,greetings,Ukwapi?,Uko wapi?,Starter (editable)
4,greetings,Unaenda wapi?,Unaenda wapi?,Starter (editable)
5,greetings,Wafwako,Asante,Starter (editable)
6,greetings,Asante sana,Asante sana,Starter (editable)
7,greetings,Karibu yenyu,Karibu,Starter (editable)
8,greetings,Wafwako,Pole,Starter (editable)
9,greetings,Pardon,Samahani,Starter (editable)
10,greetings,Pardon,Tafazali,Starter (editable)
11,greetings,Eyo,Ndiyo,Starter (editable)
12,greetings,Ni dje?,Aye?,Starter (editable)
13,greetings,Hapana,Hapana,Starter (editable)
14,greetings,Shidjuwi,Sijuwi,Starter (editable)
15,greetings,Sawa,Sawa,Starter (editable)
16,greetings,Mina elewa,Na helewa,Starter (editable)
17,greetings,Shi elewi,Sielewi,Starter (editable)
18,greetings,Shi comprendre,Sielewi,Starter (editable)
19,greetings,Ruriya emo,Rudiliya tena,Starter (editable)
20,greetings,Sema polepole,Ongea polepole,Starter (editable)
21,greetings,Niko na mambo,Niko na tatizo,Starter (editable)
22,greetings,Uni saidiye,Nisaidie,Starter (editable)
23,greetings,Tupatane kesho,Tuonane kesho,Starter (editable)
24,greetings,Miko nakuya sasa ivi,Nakuya saa iyi,Starter (editable)
25,greetings,Tshunga mbele,Chunga kwanza,Starter (editable)
26,greetings,Ni ngapi?,Ni ngapi?,Starter (editable)
27,greetings,Shusha bei,Punguza bei,Starter (editable)
28,greetings,Bari baripa?,Muli pokea?,Starter (editable)
29,greetings,Aiya ingiya bado,Bado aiya ingiya,Starter (editable)
30,greetings,Sauti ai shikilike,Sauti haisiliki,Starter (editable)
31,greetings,Bateri ina isha moto,Moto ina isha mu bateri,Starter (editable)
32,greetings,Shargere iko wapi?,Shargere iko wapi?,Starter (editable)
33,tech,Uko na temps?,Uko na temps?,"Starter (synthetic, review with native speakers)"
34,greetings,Niko besoin uni sahidiye,Ninahitaji msaada,"Starter (synthetic, review with native speakers)"
35,transport,Mina pata franga,Nimepata pesa,"Starter (synthetic, review with native speakers)"
36,commerce,Mita mitumiya buyumbe mu semene ya kesho,Nitatuma ujumbe wiki ijayo,"Starter (synthetic, review with native speakers)"
37,daily,Mitami tumiya buyumbe apre,Nitatuma ujumbe baadaye,"Starter (synthetic, review with native speakers)"
38,admin,Biko fasile,Ni rahisi sana,"Starter (synthetic, review with native speakers)"
39,admin,Nikya munene,Ni kubwa,"Starter (synthetic, review with native speakers)"
40,daily,Usifanye kuingia kwenye akaunti,Usifanye kuingia kwenye akaunti,"Starter (synthetic, review with native speakers)"
41,health,Tuna weza sumburiye asubuyi?,Tunaweza kuongea asubuhi?,"Starter (synthetic, review with native speakers)"
42,greetings,Tuna weza sumburiya magaribi?,Tunaweza kuongea jioni?,"Starter (synthetic, review with native speakers)"
43,mining,Niko preseh,Niko na haraka,"Starter (synthetic, review with native speakers)"
44,translation,Iko tayari,Ni tayari,"Starter (synthetic, review with native speakers)"
45,greetings,Tu sumburiye apreh?,Tunaweza kuongea baadaye?,"Starter (synthetic, review with native speakers)"
46,commerce,Mina omba ni enrejistreh sauti,Naomba kurekodi sauti,"Starter (synthetic, review with native speakers)"
47,mining,Mina enda ku hopital,Ninaenda hospitali,"Starter (synthetic, review with native speakers)"
48,commerce,Mina tuma buyumbe sasa ivi,Nitatuma ujumbe hivi sasa,"Starter (synthetic, review with native speakers)"
49,health,Mbaya sana,Ni mbaya sana,"Starter (synthetic, review with native speakers)"
50,tech,Mina tafuta ripe,Naomba kulipa,"Starter (synthetic, review with native speakers)"
51,translation,Mina enda ku kufunda,Ninaenda shuleni,"Starter (synthetic, review with native speakers)"
52,translation,Nitatuma ujumbe baadaye,Nitatuma ujumbe baadaye,"Starter (synthetic, review with native speakers)"
53,translation,Tunaweza kuongea kesho?,Tunaweza kuongea kesho?,"Starter (synthetic, review with native speakers)"
54,admin,Usifanye kulipa,Usifanye kulipa,"Starter (synthetic, review with native speakers)"
55,greetings,Tunaweza kuongea wiki ijayo?,Tunaweza kuongea wiki ijayo?,"Starter (synthetic, review with native speakers)"
56,admin,Una muda?,Una muda?,"Starter (synthetic, review with native speakers)"
57,commerce,Una chakula?,Una chakula?,"Starter (synthetic, review with native speakers)"
58,tech,Una chakula?,Una chakula?,"Starter (synthetic, review with native speakers)"
59,transport,Tafadhali nipe tiketi,Tafadhali nipe tiketi,"Starter (synthetic, review with native speakers)"
60,commerce,Ninaenda kituoni,Ninaenda kituoni,"Starter (synthetic, review with native speakers)"
61,commerce,Nitatuma ujumbe sasa,Nitatuma ujumbe hivi sasa,"Starter (synthetic, review with native speakers)"
62,daily,Nitatuma ujumbe asubuhi,Nitatuma ujumbe asubuhi,"Starter (synthetic, review with native speakers)"
63,greetings,Tafadhali nipe tiketi,Tafadhali nipe tiketi,"Starter (synthetic, review with native speakers)"
64,daily,Tunaweza kuongea asubuhi?,Tunaweza kuongea asubuhi?,"Starter (synthetic, review with native speakers)"
65,admin,Nitatuma ujumbe asubuhi,Nitatuma ujumbe asubuhi,"Starter (synthetic, review with native speakers)"
66,admin,Ni ngumu sana,Ni ngumu sana,"Starter (synthetic, review with native speakers)"
67,commerce,Naomba kulipa,Naomba kulipa,"Starter (synthetic, review with native speakers)"
68,commerce,Nimepata telefon,Nimepata simu,"Starter (synthetic, review with native speakers)"
69,daily,Naomba kutuma ujumbe,Naomba kutuma ujumbe,"Starter (synthetic, review with native speakers)"
70,health,Nitatuma ujumbe sasa,Nitatuma ujumbe sasa,"Starter (synthetic, review with native speakers)"
71,commerce,Niko bila muda,Niko bila muda,"Starter (synthetic, review with native speakers)"
72,commerce,Niko nimechoka,Niko nimechoka,"Starter (synthetic, review with native speakers)"
73,daily,Tunaweza kuongea kesho?,Tunaweza kuongea kesho?,"Starter (synthetic, review with native speakers)"
74,daily,Una chakula?,Una chakula?,"Starter (synthetic, review with native speakers)"
75,commerce,Ni ghali,Ni ghali,"Starter (synthetic, review with native speakers)"
76,admin,Tafadhali nipe maji,Tafadhali nipe maji,"Starter (synthetic, review with native speakers)"
77,translation,Ni nafuu,Ni nafuu,"Starter (synthetic, review with native speakers)"
78,commerce,Ninaenda sokoni,Ninaenda sokoni,"Starter (synthetic, review with native speakers)"
79,health,Nimepoteza network,Nimepoteza mtandao,"Starter (synthetic, review with native speakers)"
80,health,Ni nafuu sana,Ni nafuu sana,"Starter (synthetic, review with native speakers)"
81,daily,Tunaweza kuongea baadaye?,Tunaweza kuongea baadaye?,"Starter (synthetic, review with native speakers)"
82,commerce,Niko mgonjwa,Niko mgonjwa,"Starter (synthetic, review with native speakers)"
83,commerce,Nimepata risiti,Nimepata risiti,"Starter (synthetic, review with native speakers)"
84,translation,Nimepata network,Nimepata mtandao,"Starter (synthetic, review with native speakers)"
85,greetings,Nimepata maji,Nimepata maji,"Starter (synthetic, review with native speakers)"
86,greetings,Nimepata muda,Nimepata muda,"Starter (synthetic, review with native speakers)"
87,translation,Nitatuma ujumbe wiki ijayo,Nitatuma ujumbe wiki ijayo,"Starter (synthetic, review with native speakers)"
88,transport,Tafadhali nipe dawa,Tafadhali nipe dawa,"Starter (synthetic, review with native speakers)"
89,daily,Nimepoteza risiti,Nimepoteza risiti,"Starter (synthetic, review with native speakers)"
90,admin,Ni ngumu,Ni ngumu,"Starter (synthetic, review with native speakers)"
91,daily,Nitatuma ujumbe sasa,Nitatuma ujumbe sasa,"Starter (synthetic, review with native speakers)"
92,admin,Ni ngumu,Ni ngumu,"Starter (synthetic, review with native speakers)"
93,commerce,Nimepoteza maji,Nimepoteza maji,"Starter (synthetic, review with native speakers)"
94,admin,Niko na haraka,Niko na haraka,"Starter (synthetic, review with native speakers)"
95,tech,Niko nimechoka,Niko nimechoka,"Starter (synthetic, review with native speakers)"
96,daily,Ni nzuri sana,Ni nzuri sana,"Starter (synthetic, review with native speakers)"
97,transport,Ni nafuu,Ni nafuu,"Starter (synthetic, review with native speakers)"
98,translation,Nitatuma ujumbe wiki ijayo,Nitatuma ujumbe wiki ijayo,"Starter (synthetic, review with native speakers)"
99,health,Tunaweza kuongea jioni?,Tunaweza kuongea jioni?,"Starter (synthetic, review with native speakers)"
100,health,Niko bila muda,Niko bila muda,"Starter (synthetic, review with native speakers)"
101,translation,Usifanye kutuma ujumbe,Usifanye kutuma ujumbe,"Starter (synthetic, review with native speakers)"
102,commerce,Ni ngumu sana,Ni ngumu sana,"Starter (synthetic, review with native speakers)"
103,mining,Niko mgonjwa,Niko mgonjwa,"Starter (synthetic, review with native speakers)"
104,translation,Nitatuma ujumbe jioni,Nitatuma ujumbe jioni,"Starter (synthetic, review with native speakers)"
105,greetings,Una msaada?,Una msaada?,"Starter (synthetic, review with native speakers)"
106,translation,Tunaweza kuongea baadaye?,Tunaweza kuongea baadaye?,"Starter (synthetic, review with native speakers)"
107,admin,Ninahitaji chakula,Ninahitaji chakula,"Starter (synthetic, review with native speakers)"
108,health,Nitatuma ujumbe sasa,Nitatuma ujumbe hivi sasa,"Starter (synthetic, review with native speakers)"
109,mining,Ni nzuri,Ni nzuri,"Starter (synthetic, review with native speakers)"
110,transport,Tunaweza kuongea jioni?,Tunaweza kuongea jioni?,"Starter (synthetic, review with native speakers)"
111,mining,Ninahitaji chaja,Ninahitaji chaja,"Starter (synthetic, review with native speakers)"
112,tech,Nimepata chaja,Nimepata chaja,"Starter (synthetic, review with native speakers)"
113,transport,Tafadhali nipe chaja,tafadhali tafadhali nipe chaja,"Starter (synthetic, review with native speakers)"
114,transport,Tunaweza kuongea baadaye?,Tunaweza kuongea baadaye?,"Starter (synthetic, review with native speakers)"
115,mining,Ninaenda nyumbani,Ninaenda nyumbani,"Starter (synthetic, review with native speakers)"
116,tech,Tafadhali nipe muda,Tafadhali nipe muda,"Starter (synthetic, review with native speakers)"
117,tech,Tunaweza kuongea kesho?,Tunaweza kuongea kesho?,"Starter (synthetic, review with native speakers)"
118,transport,Niko sawa,Niko sawa,"Starter (synthetic, review with native speakers)"
119,tech,Ni tayari sana,Ni tayari sana,"Starter (synthetic, review with native speakers)"
120,greetings,Ni mbaya,Ni mbaya,"Starter (synthetic, review with native speakers)"
121,health,Naomba kuingia kwenye akaunti,Naomba kuingia kwenye akaunti,"Starter (synthetic, review with native speakers)"
122,greetings,Tafadhali nipe dawa,tafadhali tafadhali nipe dawa,"Starter (synthetic, review with native speakers)"
123,admin,Una mtandao?,Una mtandao?,"Starter (synthetic, review with native speakers)"
124,tech,Usifanye kulipa,Usifanye kulipa,"Starter (synthetic, review with native speakers)"
125,translation,Ni mbaya sana,Ni mbaya sana,"Starter (synthetic, review with native speakers)"
126,admin,Una simu?,Una simu?,"Starter (synthetic, review with native speakers)"
127,daily,Usifanye kupiga telefon,Usifanye kupiga simu,"Starter (synthetic, review with native speakers)"
128,admin,Tafadhali nipe chaja,tafadhali tafadhali nipe chaja,"Starter (synthetic, review with native speakers)"
129,transport,Nitatuma ujumbe jioni,Nitatuma ujumbe jioni,"Starter (synthetic, review with native speakers)"
130,admin,Ni ngumu sana,Ni ngumu sana,"Starter (synthetic, review with native speakers)"
131,daily,Ni ndogo sana,Ni ndogo sana,"Starter (synthetic, review with native speakers)"
132,transport,Ninaenda kituoni,Ninaenda kituoni,"Starter (synthetic, review with native speakers)"
133,greetings,Ni nafuu sana,Ni nafuu sana,"Starter (synthetic, review with native speakers)"
134,admin,Ninahitaji maji,Ninahitaji maji,"Starter (synthetic, review with native speakers)"
135,health,Niko na haraka,Niko na haraka,"Starter (synthetic, review with native speakers)"
136,greetings,Usifanye kurekodi sauti,Usifanye kurekodi sauti,"Starter (synthetic, review with native speakers)"
137,mining,Ninahitaji msaada,Ninahitaji msaada,"Starter (synthetic, review with native speakers)"
138,mining,Ninahitaji network,Ninahitaji mtandao,"Starter (synthetic, review with native speakers)"
139,daily,Ninahitaji dawa,Ninahitaji dawa,"Starter (synthetic, review with native speakers)"
140,mining,Ninahitaji muda,Ninahitaji muda,"Starter (synthetic, review with native speakers)"
141,transport,Ninaenda ofisini,Ninaenda ofisini,"Starter (synthetic, review with native speakers)"
142,transport,Ninaenda nyumbani,Ninaenda nyumbani,"Starter (synthetic, review with native speakers)"
143,mining,Ni safi,Ni safi,"Starter (synthetic, review with native speakers)"
144,admin,Tunaweza kuongea jioni?,Tunaweza kuongea jioni?,"Starter (synthetic, review with native speakers)"
145,tech,Niko bila muda,Niko bila muda,"Starter (synthetic, review with native speakers)"
146,tech,Usifanye kutoka,Usifanye kutoka,"Starter (synthetic, review with native speakers)"
147,daily,Tafadhali nipe dawa,Tafadhali nipe dawa,"Starter (synthetic, review with native speakers)"
148,commerce,Ni rahisi sana,Ni rahisi sana,"Starter (synthetic, review with native speakers)"
149,tech,Ni rahisi sana,Ni rahisi sana,"Starter (synthetic, review with native speakers)"
150,health,Ninahitaji muda,Ninahitaji muda,"Starter (synthetic, review with native speakers)"
151,health,Nitatuma ujumbe jioni,Nitatuma ujumbe jioni,"Starter (synthetic, review with native speakers)"
152,admin,Tafadhali nipe pesa,Tafadhali nipe pesa,"Starter (synthetic, review with native speakers)"
153,tech,Naomba kuandika,Naomba kuandika,"Starter (synthetic, review with native speakers)"
154,greetings,Una chaja?,Una chaja?,"Starter (synthetic, review with native speakers)"
155,translation,Ni ndogo sana,Ni ndogo sana,"Starter (synthetic, review with native speakers)"
156,commerce,Ninaenda hospitali,Ninaenda hospitali,"Starter (synthetic, review with native speakers)"
157,mining,Usifanye kupiga telefon,Usifanye kupiga simu,"Starter (synthetic, review with native speakers)"
158,translation,Naomba kusubiri,Naomba kusubiri,"Starter (synthetic, review with native speakers)"
159,greetings,Usifanye kulipa,Usifanye kulipa,"Starter (synthetic, review with native speakers)"
160,translation,Nimepata pesa,Nimepata hela,"Starter (synthetic, review with native speakers)"
161,admin,Naomba kuingia,Naomba kuingia,"Starter (synthetic, review with native speakers)"
162,daily,Ni nzuri,Ni nzuri,"Starter (synthetic, review with native speakers)"
163,mining,Nimepata tiketi,Nimepata tiketi,"Starter (synthetic, review with native speakers)"
164,transport,Una chaja?,Una chaja?,"Starter (synthetic, review with native speakers)"
165,translation,Tunaweza kuongea sasa?,Tunaweza kuongea hivi sasa?,"Starter (synthetic, review with native speakers)"
166,health,Usifanye kuingia kwenye akaunti,Usifanye kuingia kwenye akaunti,"Starter (synthetic, review with native speakers)"
167,daily,Nimepoteza risiti,Nimepoteza risiti,"Starter (synthetic, review with native speakers)"
168,daily,Naomba kulipa,Naomba kulipa,"Starter (synthetic, review with native speakers)"
169,daily,Usifanye kuingia,Usifanye kuingia,"Starter (synthetic, review with native speakers)"
170,daily,Usifanye kulipa,Usifanye kulipa,"Starter (synthetic, review with native speakers)"
171,tech,Ni nafuu,Ni nafuu,"Starter (synthetic, review with native speakers)"
172,mining,Ninaenda ofisini,Ninaenda ofisini,"Starter (synthetic, review with native speakers)"
173,daily,Nimepoteza telefon,Nimepoteza simu,"Starter (synthetic, review with native speakers)"
174,greetings,Ninaenda kituoni,Ninaenda kituoni,"Starter (synthetic, review with native speakers)"
175,translation,Ni ngumu,Ni ngumu,"Starter (synthetic, review with native speakers)"
176,admin,Usifanye kurekodi sauti,Usifanye kurekodi sauti,"Starter (synthetic, review with native speakers)"
177,mining,Nimepata risiti,Nimepata risiti,"Starter (synthetic, review with native speakers)"
178,transport,Tunaweza kuongea wiki ijayo?,Tunaweza kuongea wiki ijayo?,"Starter (synthetic, review with native speakers)"
179,commerce,Tunaweza kuongea wiki ijayo?,Tunaweza kuongea wiki ijayo?,"Starter (synthetic, review with native speakers)"
180,transport,Nitatuma ujumbe wiki ijayo,Nitatuma ujumbe wiki ijayo,"Starter (synthetic, review with native speakers)"
181,tech,Nimepoteza simu,Nimepoteza simu,"Starter (synthetic, review with native speakers)"
182,daily,Tafadhali nipe telefon,Tafadhali nipe simu,"Starter (synthetic, review with native speakers)"
183,daily,Ni chafu,Ni chafu,"Starter (synthetic, review with native speakers)"
184,health,Tunaweza kuongea wiki ijayo?,Tunaweza kuongea wiki ijayo?,"Starter (synthetic, review with native speakers)"
185,mining,Tafadhali nipe muda,Tafadhali nipe muda,"Starter (synthetic, review with native speakers)"
186,mining,Tafadhali nipe network,Tafadhali nipe mtandao,"Starter (synthetic, review with native speakers)"
187,mining,Nitatuma ujumbe sasa,Nitatuma ujumbe sasa,"Starter (synthetic, review with native speakers)"
188,health,Nitatuma ujumbe kesho,Nitatuma ujumbe kesho,"Starter (synthetic, review with native speakers)"
189,admin,Nitatuma ujumbe kesho,Nitatuma ujumbe kesho,"Starter (synthetic, review with native speakers)"
190,commerce,Niko mgonjwa,Niko mgonjwa,"Starter (synthetic, review with native speakers)"
191,daily,Niko mgonjwa,Niko mgonjwa,"Starter (synthetic, review with native speakers)"
192,translation,Tafadhali nipe dawa,Tafadhali nipe dawa,"Starter (synthetic, review with native speakers)"
193,translation,Naomba kurekodi sauti,Naomba kurekodi sauti,"Starter (synthetic, review with native speakers)"
194,commerce,Usifanye kurekodi sauti,Usifanye kurekodi sauti,"Starter (synthetic, review with native speakers)"
195,admin,Ninaenda shuleni,Ninaenda shuleni,"Starter (synthetic, review with native speakers)"
196,tech,Una msaada?,Una msaada?,"Starter (synthetic, review with native speakers)"
197,greetings,Nimepata chaja,Nimepata chaja,"Starter (synthetic, review with native speakers)"
198,commerce,Usifanye kufungua akaunti,Usifanye kufungua akaunti,"Starter (synthetic, review with native speakers)"
199,daily,Nimepata chaja,Nimepata chaja,"Starter (synthetic, review with native speakers)"
200,daily,Nitatuma ujumbe baadaye,Nitatuma ujumbe baadaye,"Starter (synthetic, review with native speakers)"
201,commerce,Naomba kuingia kwenye akaunti,Naomba kuingia kwenye akaunti,"Starter (synthetic, review with native speakers)"
202,admin,Naomba kupiga telefon,Naomba kupiga simu,"Starter (synthetic, review with native speakers)"
203,daily,Una muda?,Una muda?,"Starter (synthetic, review with native speakers)"
204,daily,Nitatuma ujumbe baadaye,Nitatuma ujumbe baadaye,"Starter (synthetic, review with native speakers)"
205,tech,Ni kubwa sana,Ni kubwa sana,"Starter (synthetic, review with native speakers)"
206,health,Ni safi,Ni safi,"Starter (synthetic, review with native speakers)"
207,admin,Usifanye kuandika,Usifanye kuandika,"Starter (synthetic, review with native speakers)"
208,greetings,Niko sawa,Niko sawa,"Starter (synthetic, review with native speakers)"
209,admin,Nimepoteza barua,Nimepoteza barua,"Starter (synthetic, review with native speakers)"
210,daily,Tafadhali nipe muda,tafadhali tafadhali nipe muda,"Starter (synthetic, review with native speakers)"
211,daily,Nimepata risiti,Nimepata risiti,"Starter (synthetic, review with native speakers)"
212,greetings,Ni ndogo sana,Ni ndogo sana,"Starter (synthetic, review with native speakers)"
213,mining,Nimepoteza dawa,Nimepoteza dawa,"Starter (synthetic, review with native speakers)"
214,commerce,Tunaweza kuongea wiki ijayo?,Tunaweza kuongea wiki ijayo?,"Starter (synthetic, review with native speakers)"
215,greetings,Ninaenda sokoni,Ninaenda sokoni,"Starter (synthetic, review with native speakers)"
216,admin,Naomba kutoka,Naomba kutoka,"Starter (synthetic, review with native speakers)"
217,admin,Tunaweza kuongea sasa?,Tunaweza kuongea sasa?,"Starter (synthetic, review with native speakers)"
218,mining,Ni ndogo,Ni ndogo,"Starter (synthetic, review with native speakers)"
219,admin,Tunaweza kuongea wiki ijayo?,Tunaweza kuongea wiki ijayo?,"Starter (synthetic, review with native speakers)"
220,admin,Ni ghali,Ni ghali,"Starter (synthetic, review with native speakers)"
221,commerce,Nimepoteza pesa,Nimepoteza pesa,"Starter (synthetic, review with native speakers)"
222,admin,Ni ghali,Ni ghali,"Starter (synthetic, review with native speakers)"
